ФИО;Должность;Телефон;кабинет;Департамент;Служба;Сектор;Отдел
Иванов Иван Иванович;Директор департамента;11111;2204/1;Финансовый департамент;;;
Сидоров Евгений Викторович;Начальник службы;11112;2204/2;Финансовый департамент;Служба бухгалтерского и налогово учета;;
Мухин Лаврентий Павлович;Начальний сектора;11113;2204/3;Финансовый департамент;Служба бухгалтерского и налогово учета;Сектор расчетов;
Петров Игорь Сергеевич;Начальний Отдела;11114;2204/4;Финансовый департамент;Служба бухгалтерского и налогово учета;Сектор расчетов;Отдел по работе с претензиями
Ягодина Эльвира Леопольдовна;специалист;11115;2206/1;Финансовый департамент;Служба бухгалтерского и налогово учета;Сектор расчетов;Отдел по работе с претензиями
Воробьева Зоя Александровна;специалист;11116;2206/2;Финансовый департамент;Служба бухгалтерского и налогово учета;Сектор расчетов;Отдел по работе с претензиями
Синичкина Анастасия Сергеевна;специалист;11117;2206/3;Финансовый департамент;Служба бухгалтерского и налогово учета;Сектор расчетов;Отдел по работе с претензиями
Коржиков Семен Иванович;специалист;11118;2206/4;Финансовый департамент;Служба бухгалтерского и налогово учета;Сектор расчетов;Отдел по работе с претензиями
Лоскутов Гарик Харламович;специалист;11119;2201/1;Финансовый департамент;Служба бухгалтерского и налогово учета;Сектор расчетов;Отдел по работе с претензиями
Букин Дмитрий Петрович;ведущий специалист;11120;2201/2;Финансовый департамент;Служба бухгалтерского и налогово учета;Сектор расчетов;Отдел по работе с претензиями
Ремесленников Роман Абрамович;ведущий специалист;11121;2201/3;Финансовый департамент;Служба бухгалтерского и налогово учета;Сектор расчетов;Отдел по работе с претензиями
Распутин Григорий Ефимович;ведущий специалист;11122;2201/4;Финансовый департамент;Служба бухгалтерского и налогово учета;Сектор расчетов;Отдел по работе с претензиями
Бегунко Василий Абрамович;ведущий специалист;11123;2203 зона Б;Финансовый департамент;Служба бухгалтерского и налогово учета;Сектор расчетов;Отдел по работе с претензиями
